{
    "_QPVersion": "0.1.1",
    "name": "Space Monke",
    "id": "SpaceMonke",
    "author": "RedBrumbler fixed by coolmonke",
    "version": "1.1.1",
    "packageId": "com.AnotherAxiom.GorillaTag",
    "packageVersion": "1.0.8",
    "description": "Jump higher with more powerful jumps",
    "coverImage": "cover.png",
    "type": "Gameplay",
    "dependencies": [
        {
            "id": "MonkeComputer",
            "version": ">=1.6.0",
            "downloadIfMissing": "https://github.com/RedBrumbler/MonkeComputer/releases/download/v1.6.0/MonkeComputer.qmod"
        },
        {
          "id": "gorillautils",
          "version": ">=0.2.2",
          "downloadIfMissing": "https://github.com/RedBrumbler/GorillaUtils/releases/download/v0.2.2/GorillaUtils.qmod"
        },
        {
          "id": "monkecodegen",
          "version": ">=0.7.4",
          "downloadIfMissing": "https://github.com/RedBrumbler/MonkeCodegen/releases/download/v0.7.4/MonkeCodegen.qmod"
        }
    ],
    "modFiles": [
        "libspacemonke.so"
    ],
    "libraryFiles": [
        "libbeatsaber-hook_1_3_3.so",
        "libbeatsaber-hook_1_3_5.so"
    ],
    "fileCopies": [
    ]
}