{
    "_QPVersion": "0.1.1",
    "name": "Monke Computer",
    "id": "MonkeComputer",
    "author": "RedBrumbler",
    "version": "1.3.2",
    "packageId": "com.AnotherAxiom.GorillaTag",
    "packageVersion": "1.0.5",
    "type": "Gameplay",
    "isLibrary": true,
    "dependencies": [
        {
            "id": "monkecodegen",
            "version": "^0.2.4",
            "downloadIfMissing": "https://github.com/RedBrumbler/MonkeCodegen/releases/download/0.2.4/MonkeCodegen.qmod"
        }
    ],
    "modFiles": [
    ],
    "libraryFiles": [
        "libmonkecomputer.so",
        "libbeatsaber-hook_1_3_3.so",
        "libcustom-types.so",
        "libquest-cosmetic-loader_0_1_3.so",
        "libzip.so"
    ],
    "fileCopies": [
        {
            "name": "Monitor.package",
            "destination": "/sdcard/ModData/com.AnotherAxiom.GorillaTag/Mods/MonkeComputer/Monitor.package"
        }
    ]
}