{
  "sharedDir": "shared",
  "dependenciesDir": "extern",
  "info": {
    "name": "MonkeComputer",
    "id": "monkecomputer",
    "version": "1.3.2",
    "url": "https://github.com/RedBrumbler/MonkeComputer",
    "additionalData": {
      "overrideSoName": "libmonkecomputer.so",
      "branchName": "version-v1.3.2",
      "soLink": "https://github.com/RedBrumbler/MonkeComputer/releases/download/1.3.2/libmonkecomputer.so"
    }
  },
  "dependencies": [
    {
      "id": "beatsaber-hook",
      "versionRange": "^1.0.0",
      "additionalData": {
        "extraFiles": [
          "src/inline-hook"
        ]
      }
    },
    {
      "id": "custom-types",
      "versionRange": "*",
      "additionalData": {}
    },
    {
      "id": "quest-cosmetic-loader",
      "versionRange": "*",
      "additionalData": {}
    },
    {
      "id": "monkecodegen",
      "versionRange": "*",
      "additionalData": {}
    }
  ],
  "additionalData": {}
}