{
  "_QPVersion": "0.1.1",
  "name": "Gorilla Utils",
  "id": "gorillautils",
  "author": "RedBrumbler",
  "version": "0.1.9",
  "packageId": "com.AnotherAxiom.GorillaTag",
  "packageVersion": "1.0.11",
  "description": "Library that provides utils to modders",
  "coverImage": "cover.png",
  "isLibrary": true,
  "dependencies": [
    {
      "id": "monkecodegen",
      "version": ">=0.8.0",
      "downloadIfMissing": "https://github.com/RedBrumbler/MonkeCodegen/releases/download/v0.8.0/MonkeCodegen.qmod"
    }
  ],
  "modFiles": [],
  "libraryFiles": [
    "libbeatsaber-hook_2_0_3.so",
    "libcustom-types.so",
    "libgorilla-utils.so"
  ],
  "fileCopies": []
}
