{
  "sharedDir": "shared",
  "dependenciesDir": "extern",
  "info": {
    "name": "Gorilla Utils",
    "id": "gorilla-utils",
    "version": "0.1.9",
    "url": "https://github.com/RedBrumbler/GorillaUtils",
    "additionalData": {
      "overrideSoName": "libgorilla-utils.so",
      "branchName": "version-v0.1.9",
      "soLink": "https://github.com/RedBrumbler/GorillaUtils/releases/download/0.1.9/libgorilla-utils.so"
    }
  },
  "dependencies": [
    {
      "id": "monkecodegen",
      "versionRange": "*",
      "additionalData": {}
    },
    {
      "id": "beatsaber-hook",
      "versionRange": "*",
      "additionalData": {
        "extraFiles": [
          "src/inline-hook"
        ]
      }
    },
    {
      "id": "custom-types",
      "versionRange": "*",
      "additionalData": {}
    }
  ],
  "additionalData": {}
}