
{
    "_QPVersion": "0.1.1",
    "name": "Magic Monki",
    "id": "magicmonki",
    "author": "bay30",
    "version": "1.0.3",
    "packageId": "com.AnotherAxiom.GorillaTag",
    "packageVersion": "1.1.1",
    "description": "Teleport to wherever you point... in publics coolmonkey says hi",
    "coverImage": "cover.png",
    "type": "Gameplay",
    "dependencies": [
        {
            "id": "monkecodegen",
            "version": ">=0.9.0",
            "downloadIfMissing": "https://github.com/coolmonke/monke-libs/releases/download/libs/CODEGEN_1.qmod"
        },
        {
            "id": "MonkeComputer",
            "version": ">=1.6.2",
            "downloadIfMissing": "https://github.com/coolmonke/monke-libs/releases/download/libs/MonkeComputer.qmod"
        },
        {
            "id": "gorillautils",
            "version": ">=0.2.4",
            "downloadIfMissing": "https://github.com/coolmonke/monke-libs/releases/download/libs/GORILLAUTILS_3.qmod"
        }
    ],
    "modFiles": [
        "libmagicmonki.so"
    ],
    "libraryFiles": [
    ],
    "fileCopies": [
    ]
}
